-- MySQL dump 10.13  Distrib 5.7.24, for Win64 (x86_64)
--
-- Host: localhost    Database: comics
-- ------------------------------------------------------
-- Server version	5.7.24-log

/*!40101 SET @OLD_CHARACTER_SET_CLIENT=@@CHARACTER_SET_CLIENT */;
/*!40101 SET @OLD_CHARACTER_SET_RESULTS=@@CHARACTER_SET_RESULTS */;
/*!40101 SET @OLD_COLLATION_CONNECTION=@@COLLATION_CONNECTION */;
/*!40101 SET NAMES utf8 */;
/*!40103 SET @OLD_TIME_ZONE=@@TIME_ZONE */;
/*!40103 SET TIME_ZONE='+00:00' */;
/*!40014 SET @OLD_UNIQUE_CHECKS=@@UNIQUE_CHECKS, UNIQUE_CHECKS=0 */;
/*!40014 SET @OLD_FOREIGN_KEY_CHECKS=@@FOREIGN_KEY_CHECKS, FOREIGN_KEY_CHECKS=0 */;
/*!40101 SET @OLD_SQL_MODE=@@SQL_MODE, SQL_MODE='NO_AUTO_VALUE_ON_ZERO' */;
/*!40111 SET @OLD_SQL_NOTES=@@SQL_NOTES, SQL_NOTES=0 */;

--
-- Dumping data for table `editeur`
--

INSERT INTO `editeur` VALUES (1,'12bis'),(2,'Bamboo'),(3,'Casterman'),(4,'Dargaud'),(5,'Delcourt'),(6,'Dupuis'),(7,'Glénat'),(8,'Hachette'),(9,'Le Lombard'),(10,'Les Éditions Albert René'),(11,'Milan'),(12,'Rue de Sèvres'),(13,'Soleil Productions'),(14,'Vents d Ouest');

--
-- Dumping data for table `genre`
--

INSERT INTO `genre` VALUES (1,'Adaptation'),(2,'Aventure'),(3,'Chronique sociale'),(4,'Espionnage'),(5,'Guerre'),(6,'Heroïc Fantasy'),(7,'Historique'),(8,'Humoristique'),(9,'Polar fantastique'),(10,'Polar/Thriller'),(11,'Roman graphique'),(12,'Science-fiction'),(13,'Thriller');


--
-- Dumping data for table `metier`
--

INSERT INTO `metier` VALUES (1,'Scenario'),(2,'Dessin'),(3,'Couleur');

--
-- Dumping data for table `personne`
--

INSERT INTO PERSONNE(ID_PERSONNE, PRENOM, NOM, NOM_USUEL, DATE_NAISSANCE, DATE_DECES) VALUES (1,'Jarbinet','Philippe','Jarbinet, Philippe',NULL,NULL),(2,'Renard','Pascal','Renard, Pascal',NULL,NULL),(3,NULL,NULL,'Mythic',NULL,NULL),(4,'Jigounov','Youri','Jigounov, Youri',NULL,NULL),(5,'Goscinny','René','Goscinny, René',NULL,NULL),(6,'Uderzo','Albert','Uderzo, Albert',NULL,NULL),(7,'Corbeyran','Éric','Corbeyran, Éric',NULL,NULL),(8,'Lacroix','Claude','Lacroix, Claude',NULL,NULL),(9,'Khoury','Raymond','Khoury, Raymond',NULL,NULL),(10,'Desberg','Stephen','Desberg, Stephen',NULL,NULL),(11,'Stalner','Éric','Stalner, Éric',NULL,NULL),(12,'Tripp','Jean-Louis','Tripp, Jean-Louis',NULL,NULL),(13,'Van Hamme','Jean','Van Hamme, Jean',NULL,NULL),(14,'Christin','Pierre','Christin, Pierre',NULL,NULL),(15,'Loisel','Régis','Loisel, Régis',NULL,NULL),(16,'Bourgeon','François','Bourgeon, François',NULL,NULL),(17,'Le Tendre','Serge','Le Tendre, Serge',NULL,NULL),(18,'Chanoinat','Philippe','Chanoinat, Philippe',NULL,NULL),(19,'Buendia','Patrice','Buendia, Patrice',NULL,NULL),(20,'Arleston','Scotch','Arleston, Scotch',NULL,NULL),(21,NULL,NULL,'Zep',NULL,NULL),(22,'Dufaux','Jean','Dufaux, Jean',NULL,NULL),(23,'Bardet','Daniel','Bardet, Daniel',NULL,NULL),(24,'Giroud','Frank','Giroud, Frank',NULL,NULL),(25,'Sente','Yves','Sente, Yves',NULL,NULL),(26,'Dorison','Xavier','Dorison, Xavier',NULL,NULL),(27,NULL,NULL,'Yann',NULL,NULL);

--
-- Dumping data for table `serie`
--idSerie, titreSerie, termine, nombreAlbums, idGenre

INSERT INTO SERIE(ID_SERIE, TITRE_SERIE, TERMINE, NOMBRE_ALBUMS, ID_GENRE) VALUES (1,'Airborne 44',0,5,5),(2,'Alpha',0,12,4),(3,'Astérix',0,35,8),(4,'Châteaux Bordeaux',0,4,11),(5,'Chemins de Malefosse (Les)',0,21,7),(6,'Cycle de Cyann (Le)',0,5,12),(7,'Dernier templier (Le)',0,5,2),(8,'Empire USA',0,12,13),(9,'I.R.$.',0,14,10),(10,'I.R.$. - All Watcher',1,7,10),(11,'Ils étaient dix',0,6,7),(12,'Jacques Gallard (Une aventure de)',1,4,2),(13,'Lady S.',0,9,4),(14,'Long voyage de Léna (Le)',1,2,11),(15,'Magasin général',0,8,3),(16,'Passagers du vent (Les)',1,7,7),(17,'Quête de l oiseau du temps (La)',0,8,6),(18,'Rafales',1,4,10),(19,'Rani',0,4,7),(20,'Scorpion (Le)',0,10,2),(21,'Thomas Silane',0,7,9),(22,'Trolls de Troy',0,17,6),(23,'Vénus H.',1,3,10),(24,'XIII',0,22,10),(25,'XIII Mystery',0,7,10),(26,'Décalogue (Le)',1,10,7),(27,'Décalogue (Le) - Le Légataire',1,5,7);

--
-- Dumping data for table `album`
--
--- idSerie idEditeur idGenre 

INSERT INTO ALBUM(ID_ALBUM, TITRE_ALBUM, NUMERO, CYCLE, DEPOT_LEGAL, COUVERTURE, ID_SITE_REF, POSSEDE, HORS_SERIE, PREMIERE_EDITION, ISBN, FORMAT_ALBUM, ID_SERIE, ID_EDITEUR , ID_GENRE) VALUES (1,'Les Couloirs de l Entretemps','5',NULL,'2012-10-01 00:00:00','cycledecyann_5.jpg',NULL,1,0,0,'9782356483232',2,6,1,NULL),(2,'Octobre 1812','1',NULL,'2009-02-01 00:00:00','ilsétaientdix_1.jpg',NULL,1,0,0,'9782356480385',2,11,1,NULL),(3,'Novgora','2',NULL,'2010-03-01 00:00:00','ilsétaientdix_2.jpg',NULL,1,0,0,'9782356481108',2,11,1,NULL),(4,'Paris 1820','3',NULL,'2011-03-01 00:00:00','ilsétaientdix_3.jpg',NULL,1,0,0,'9782356482112',2,11,1,NULL),(5,'Rue Saint-Honoré','4',NULL,'2011-09-01 00:00:00','ilsétaientdix_4.jpg',NULL,1,0,0,'9782356482563',2,11,1,NULL),(6,'Omertà','5',NULL,'2012-08-01 00:00:00','ilsétaientdix_5.jpg',NULL,1,0,0,'9782356483812',2,11,1,NULL),(7,'Le vieil empereur','6',NULL,'2013-05-01 00:00:00','ilsétaientdix_6.jpg',NULL,1,0,0,'9782356484666',2,11,1,NULL),(8,'La Petite Fille Bois-Caïman - Livre 1','6',NULL,'2009-09-01 00:00:00','passagersduvent_6.jpg',NULL,1,0,0,'978-2-356-48066-8',2,16,1,NULL),(9,'La Petite Fille Bois-Caïman - Livre 2','7',NULL,'2010-01-01 00:00:00','passagersduvent_7.jpg',NULL,1,0,0,'978-2-356-48112-2',2,16,1,NULL),(10,'Flash mortel','1',NULL,'2004-02-01 00:00:00','thomassilane_1.jpg',NULL,1,0,0,'2-912715-87-3',2,21,2,NULL),(11,'Le tueur de Noël','2',NULL,'2005-03-01 00:00:00','thomassilane_2.jpg',NULL,1,0,0,'2-915309-58-2',2,21,2,NULL),(12,'Tempêtes','3',NULL,'2006-05-01 00:00:00','thomassilane_3.jpg',NULL,1,0,0,'2-915309-95-7',2,21,2,NULL),(13,'Objectifs','4',NULL,'2009-04-01 00:00:00','thomassilane_4.jpg',NULL,1,0,0,'978-2-350-78301-7',2,21,2,NULL),(14,'Fuites','5',NULL,'2010-06-01 00:00:00','thomassilane_5.jpg',NULL,1,0,0,'978-2-350-78935-4',2,21,2,NULL),(15,'Libérations','6',NULL,'2011-09-01 00:00:00','thomassilane_6.jpg',NULL,1,0,0,'978-2-8189-0702-3',2,21,2,NULL),(16,'Racines','7',NULL,'2014-04-01 00:00:00','thomassilane_7.jpg',NULL,1,0,0,'978-2-8189-2445-7',2,21,2,NULL),(17,'Là où tombent les hommes','1',NULL,'2009-09-01 00:00:00','airborne44_1.jpg',NULL,1,0,0,'9782203013728',2,1,3,NULL),(18,'Demain sera sans nous','2',NULL,'2009-09-01 00:00:00','airborne44_2.jpg',NULL,1,0,0,'9782203013889',2,1,3,NULL),(19,'Omaha Beach','3',NULL,'2011-09-01 00:00:00','airborne44_3.jpg',NULL,1,0,0,'9782203037069',2,1,3,NULL),(20,'Destins croisés','4',NULL,'2012-04-01 00:00:00','airborne44_4.jpg',NULL,1,0,0,'9782203037076',2,1,3,NULL),(21,'Sil faut survivre','5',NULL,'2014-04-01 00:00:00','airborne44_5.jpg',NULL,1,0,0,'9782203074767',2,1,3,NULL),(22,'La sOurce et la sOnde','1',NULL,'1993-10-01 00:00:00','cycledecyann_1.jpg',NULL,1,0,0,'2203388579',1,6,3,NULL),(23,'Six saisons sur ilO','2',NULL,'1997-10-01 00:00:00','cycledecyann_2.jpg',NULL,1,0,0,'2203388943',1,6,3,NULL),(24,'Marie','1',NULL,'2006-03-01 00:00:00','magasingénéral_1.jpg',NULL,1,0,0,'2203370114',2,15,3,NULL),(25,'Serge','2',NULL,'2006-10-01 00:00:00','magasingénéral_2.jpg',NULL,1,0,0,'2203370130',2,15,3,NULL),(26,'Les hommes','3',NULL,'2007-10-01 00:00:00','magasingénéral_3.jpg',NULL,1,0,0,'9782203348103',2,15,3,NULL),(27,'Confessions','4',NULL,'2008-10-01 00:00:00','magasingénéral_4.jpg',NULL,1,0,0,'9782203016910',2,15,3,NULL),(28,'Montréal','5',NULL,'2009-11-01 00:00:00','magasingénéral_5.jpg',NULL,1,0,0,'9782203024632',2,15,3,NULL),(29,'Ernest Latulippe','6',NULL,'2010-10-01 00:00:00','magasingénéral_6.jpg',NULL,1,0,0,'978-2-203-02616-2',2,15,3,NULL),(30,'Charleston','7',NULL,'2011-11-01 00:00:00','magasingénéral_7.jpg',NULL,1,0,0,'978-2-203-03219-4',2,15,3,NULL),(31,'Les femmes','8',NULL,'2012-11-01 00:00:00','magasingénéral_8.jpg',NULL,1,0,0,'978-2-203-04922-2',2,15,3,NULL),(32,'L encodeur','1',NULL,'2009-03-01 00:00:00','derniertemplier_1.jpg',NULL,1,0,0,'9782205060607',2,7,4,NULL),(33,'Le chevalier de la crypte','2',NULL,'2010-02-01 00:00:00','derniertemplier_2.jpg',NULL,1,0,0,'9782205063059',2,7,4,NULL),(34,'L Eglise engloutie','3',NULL,'2011-05-01 00:00:00','derniertemplier_3.jpg',NULL,1,0,0,'9782205065275',2,7,4,NULL),(35,'Le faucon du temple','4',NULL,'2013-01-01 00:00:00','derniertemplier_4.jpg',NULL,1,0,0,'9782205067729',2,7,4,NULL),(36,'L uvre du démon','5',NULL,'2014-03-01 00:00:00','derniertemplier_5.jpg',NULL,1,0,0,'9782205070088',2,7,4,NULL),(37,'Tome 1','1',NULL,'2008-09-01 00:00:00','empireusa_1.jpg',NULL,1,0,0,'9782505003960',1,8,4,NULL),(38,'Tome 2','2',NULL,'2008-09-01 00:00:00','empireusa_2.jpg',NULL,1,0,0,'9782505003977',1,8,4,NULL),(39,'Tome 3','3',NULL,'2008-10-01 00:00:00','empireusa_3.jpg',NULL,1,0,0,'9782505003984',1,8,4,NULL),(40,'Tome 4','4',NULL,'2008-11-01 00:00:00','empireusa_4.jpg',NULL,1,0,0,'9782505003991',1,8,4,NULL),(41,'Tome 5','5',NULL,'2008-11-01 00:00:00','empireusa_5.jpg',NULL,1,0,0,'9782505004004',1,8,4,NULL),(42,'Tome 6','6',NULL,'2008-12-01 00:00:00','empireusa_6.jpg',NULL,1,0,0,'9782505004011',1,8,4,NULL),(43,'Tome 1','7','Saison 2','2011-09-01 00:00:00','empireusa_7.jpg',NULL,1,0,0,'9782505011309',1,8,4,NULL),(44,'Tome 2','8','Saison 2','2011-09-01 00:00:00','empireusa_8.jpg',NULL,1,0,0,'9782505011316',1,8,4,NULL),(45,'Tome 3','9','Saison 2','2011-10-01 00:00:00','empireusa_9.jpg',NULL,1,0,0,'9782505011408',1,8,4,NULL),(46,'Tome 4','10','Saison 2','2011-10-01 00:00:00','empireusa_10.jpg',NULL,1,0,0,'9782505011415',1,8,4,NULL),(47,'Tome 5','11','Saison 2','2011-11-01 00:00:00','empireusa_11.jpg',NULL,1,0,0,'9782505011507',1,8,4,NULL),(48,'Tome 6','12','Saison 2','2011-11-01 00:00:00','empireusa_12.jpg',NULL,1,0,0,'9782505011521',1,8,4,NULL),(49,'Le long voyage de Léna','1',NULL,'2006-09-01 00:00:00','longvoyagedeléna_1.jpg',NULL,1,0,0,'220505743X',2,14,4,NULL),(50,'Léna et les trois femmes','2',NULL,'2009-10-01 00:00:00','longvoyagedeléna_2.jpg',NULL,1,0,0,'9782205061932',2,14,4,NULL),(51,'La conque de Ramor','1',NULL,'1983-01-01 00:00:00','quetedeloiseaudutemps_1.jpg',NULL,1,0,0,'2-205-02406-X',1,17,4,NULL),(52,'Le temple de l oubli','2',NULL,'1984-01-01 00:00:00','quetedeloiseaudutemps_2.jpg',NULL,1,0,0,'2-205-02576-7',1,17,4,NULL),(53,'Le Rige','3',NULL,'1985-11-01 00:00:00','quetedeloiseaudutemps_3.jpg',NULL,1,0,0,'2-205-02952-5',2,17,4,NULL),(54,'L uf des ténébres','4',NULL,'1987-08-01 00:00:00','quetedeloiseaudutemps_4.jpg',NULL,1,0,0,'2-205-03460-X',2,17,4,NULL),(55,'L ami Javin','5',NULL,'1998-10-01 00:00:00','quetedeloiseaudutemps_5.jpg',NULL,1,0,0,'2-205-04394-3',2,17,4,NULL),(56,'Le grimoire des dieux','6',NULL,'2007-11-01 00:00:00','quetedeloiseaudutemps_6.jpg',NULL,1,0,0,'978-2-205-05633-4',2,17,4,NULL),(57,'La voie du Rige','7',NULL,'2010-03-01 00:00:00','quetedeloiseaudutemps_7.jpg',NULL,1,0,0,'978-2-205-06009-6',2,17,4,NULL),(58,'Le chevalier Bragon','8',NULL,'2013-12-01 00:00:00','quetedeloiseaudutemps_8.jpg',NULL,1,0,0,'978-2-205-06330-1',2,17,4,NULL),(59,'Le procès scorpion','HS',NULL,'2007-10-01 00:00:00','scorpion_HS.jpg',NULL,1,0,0,'978-2-505-00239-0',1,20,4,NULL),(60,'La marque du diable','1',NULL,'2000-10-01 00:00:00','scorpion_1.jpg',NULL,1,0,0,'2-87129-301-5',1,20,4,NULL),(61,'Le secret du Pape','2',NULL,'2001-10-01 00:00:00','scorpion_2.jpg',NULL,1,0,0,'2-87129-352-X',1,20,4,NULL),(62,'La croix de Pierre','3',NULL,'2002-11-01 00:00:00','scorpion_3.jpg',NULL,1,0,0,'2-87129-463-1',1,20,4,NULL),(63,'Le Démon au Vatican','4',NULL,'2004-04-01 00:00:00','scorpion_4.jpg',NULL,1,0,0,'2-87129-570-0',1,20,4,NULL),(64,'La vallée sacrée','5',NULL,'2004-11-01 00:00:00','scorpion_5.jpg',NULL,1,0,0,'2-87129-677-4',1,20,4,NULL),(65,'Le trésor du Temple','6',NULL,'2005-10-01 00:00:00','scorpion_6.jpg',NULL,1,0,0,'2-87129-760-6',1,20,4,NULL),(66,'Au Nom du Père','7',NULL,'2006-11-01 00:00:00','scorpion_7.jpg',NULL,1,0,0,'2-505-00018-2',1,20,4,NULL),(67,'L ombre de l Ange','8',NULL,'2008-11-01 00:00:00','scorpion_8.jpg',NULL,1,0,0,'978-2-505-00474-5',1,20,4,NULL),(68,'Le Masque de la Vérité','9',NULL,'2010-08-01 00:00:00','scorpion_9.jpg',NULL,1,0,0,'978-2-505-00914-6',1,20,4,NULL),(69,'Au Nom du Fils','10',NULL,'2012-11-01 00:00:00','scorpion_10.jpg',NULL,1,0,0,'978-2-505-01503-1',1,20,4,NULL),(70,'Anja','1',NULL,'2005-05-01 00:00:00','venush_1.jpg',NULL,1,0,0,'2-87129-743-6',2,23,4,NULL),(71,'Miaki','2',NULL,'2007-05-01 00:00:00','venush_2.jpg',NULL,1,0,0,'978-2-505-00064-8',2,23,4,NULL),(72,'Wanda','3',NULL,'2008-05-01 00:00:00','venush_3.jpg',NULL,1,0,0,'978-2-505-00133-1',2,23,4,NULL),(73,'Le jour du soleil noir','1',NULL,'1984-09-01 00:00:00','xiii_1.jpg',NULL,1,0,0,'2871290008',1,24,4,NULL),(74,'Là où va l indien...','2',NULL,'1985-01-01 00:00:00','xiii_2.jpg',NULL,1,0,0,'2871290032',1,24,4,NULL),(75,'Toutes les larmes de l enfer','3',NULL,'1986-01-01 00:00:00','xiii_3.jpg',NULL,1,0,0,'2871290083',1,24,4,NULL),(76,'SPADS','4',NULL,'1987-01-01 00:00:00','xiii_4.jpg',NULL,1,0,0,'2871290237',1,24,4,NULL),(77,'Rouge total','5',NULL,'1988-11-01 00:00:00','xiii_5.jpg',NULL,1,0,0,'287129044X',1,24,4,NULL),(78,'Le dossier Jason Fly','6',NULL,'1990-01-01 00:00:00','xiii_6.jpg',NULL,1,0,0,'2871290598',1,24,4,NULL),(79,'La nuit du 3 août','7',NULL,'1990-10-01 00:00:00','xiii_7.jpg',NULL,1,0,0,'2871290628',1,24,4,NULL),(80,'Treize contre un','8',NULL,'1991-10-01 00:00:00','xiii_8.jpg',NULL,1,0,0,'2871290652',1,24,4,NULL),(81,'Pour Maria','9',NULL,'1992-09-01 00:00:00','xiii_9.jpg',NULL,1,0,0,'2871290660',1,24,4,NULL),(82,'El cascador','10',NULL,'1994-02-01 00:00:00','xiii_10.jpg',NULL,1,0,0,'2871290725',1,24,4,NULL),(83,'Trois montres d argent','11',NULL,'1995-03-01 00:00:00','xiii_11.jpg',NULL,1,0,0,'2871290822',1,24,4,NULL),(84,'Le jugement','12',NULL,'1997-09-01 00:00:00','xiii_12.jpg',NULL,1,0,0,'2871291179',1,24,4,NULL),(85,'The XIII mystery - L enquête','13',NULL,'1999-01-01 00:00:00','xiii_13.jpg',NULL,1,0,0,'2871290911',1,24,4,NULL),(86,'Secret défense','14',NULL,'2000-10-01 00:00:00','xiii_14.jpg',NULL,1,0,0,'2871292973',1,24,4,NULL),(87,'Lachez les chiens !','15',NULL,'2002-03-01 00:00:00','xiii_15.jpg',NULL,1,0,0,'2871294526',1,24,4,NULL),(88,'Opération Montecristo','16',NULL,'2004-02-01 00:00:00','xiii_16.jpg',NULL,1,0,0,'2871295921',1,24,4,NULL),(89,'L or de Maximilien','17',NULL,'2005-09-01 00:00:00','xiii_17.jpg',NULL,1,0,0,'287129755X',1,24,4,NULL),(90,'La version Irlandaise','18',NULL,'2007-11-01 00:00:00','xiii_18.jpg',NULL,1,0,0,'9782505001317',1,24,4,NULL),(91,'Le dernier round','19',NULL,'2007-11-01 00:00:00','xiii_19.jpg',NULL,1,0,0,'9782505001300',1,24,4,NULL),(92,'Le jour du Mayflower','20',NULL,'2011-11-01 00:00:00','xiii_20.jpg',NULL,1,0,0,'9782505012948',1,24,4,NULL),(93,'L appât','21',NULL,'2012-11-01 00:00:00','xiii_21.jpg',NULL,1,0,0,'9782505015048',1,24,4,NULL),(94,'Retour à Greenfalls','22',NULL,'2013-11-01 00:00:00','xiii_22.jpg',NULL,1,0,0,'9782505017998',1,24,4,NULL),(95,'La Mangouste','1',NULL,'2008-10-01 00:00:00','xiiimystery_1.jpg',NULL,1,0,0,'9782505004721',1,25,4,NULL),(96,'Irina','2',NULL,'2009-10-01 00:00:00','xiiimystery_2.jpg',NULL,1,0,0,'9782505006923',1,25,4,NULL),(97,'Little Jones','3',NULL,'2010-10-01 00:00:00','xiiimystery_3.jpg',NULL,1,0,0,'9782505009795',1,25,4,NULL),(98,'Na zdorovié, Shaniouchka !','1',NULL,'2004-10-01 00:00:00','ladys_1.jpg',NULL,1,0,0,'2800136081',1,13,6,NULL),(99,'À ta santé, Suzie !','2',NULL,'2005-09-01 00:00:00','ladys_2.jpg',NULL,1,0,0,'280013660X',1,13,6,NULL),(100,'59° Latitude Nord','3',NULL,'2006-10-01 00:00:00','ladys_3.jpg',NULL,1,0,0,'280013836X',1,13,6,NULL),(101,'Jeu de dupes','4',NULL,'2007-10-01 00:00:00','ladys_4.jpg',NULL,1,0,0,'9782800139296',1,13,6,NULL),(102,'Une taupe à Washington','5',NULL,'2008-11-01 00:00:00','ladys_5.jpg',NULL,1,0,0,'9782800140698',1,13,6,NULL),(103,'Salade portugaise','6',NULL,'2009-10-01 00:00:00','ladys_6.jpg',NULL,1,0,0,'9782800144757',1,13,6,NULL),(104,'Une seconde d éternité','7',NULL,'2011-04-01 00:00:00','ladys_7.jpg',NULL,1,0,0,'9782800147437',1,13,6,NULL),(105,'Raison d état','8',NULL,'2012-08-01 00:00:00','ladys_8.jpg',NULL,1,0,0,'9782800154305',1,13,6,NULL),(106,'Pour la peau d une femme','9',NULL,'2013-11-01 00:00:00','ladys_9.jpg',NULL,1,0,0,'9782800157566',1,13,6,NULL),(107,'Le Domaine','1',NULL,'2011-03-01 00:00:00','châteauxbordeaux_1.jpg',NULL,1,0,0,'9782723472814',2,4,7,NULL),(108,'L nologue','2',NULL,'2012-03-01 00:00:00','châteauxbordeaux_2.jpg',NULL,1,0,0,'9782723484541',2,4,7,NULL),(109,'L Amateur','3',NULL,'2013-09-01 00:00:00','châteauxbordeaux_3.jpg',NULL,1,0,0,'9782723492775',2,4,7,NULL),(110,'Les millésimes','4',NULL,'2013-09-01 00:00:00','châteauxbordeaux_4.jpg',NULL,1,0,0,'82723492775',2,4,7,NULL),(111,'La fille sous la dunette','1',NULL,'1980-01-01 00:00:00','passagersduvent_1.jpg',NULL,1,0,0,'2-7234-0132-4',1,16,7,NULL),(112,'Le ponton','2',NULL,'1980-07-01 00:00:00','passagersduvent_2.jpg',NULL,1,0,0,'2-7234-0164-2',1,16,7,NULL),(113,'Le comptoir de Juda','3',NULL,'1981-04-01 00:00:00','passagersduvent_3.jpg',NULL,1,0,0,'2-7234-0215-0',1,16,7,NULL),(114,'L heure du serpent','4',NULL,'1982-04-01 00:00:00','passagersduvent_4.jpg',NULL,1,0,0,'2-7234-0290-8',1,16,7,NULL),(115,'Le bois d ébène','5',NULL,'1984-05-01 00:00:00','passagersduvent_5.jpg',NULL,1,0,0,'2-7234-0440-4',1,16,7,NULL),(116,'L attentement','2',NULL,'1984-08-01 00:00:00','cheminsdemalefosse_2.jpg',NULL,1,0,0,'2723404617',1,5,7,NULL),(117,'Le manuscrit','1',NULL,'2001-01-01 00:00:00','decalogue_1.jpg',NULL,1,0,0,'2723430642',2,26,7,NULL),(118,'La Fatwa','2',NULL,'2001-01-01 00:00:00','decalogue_2.jpg',NULL,1,0,0,'2723431290',2,26,7,NULL),(119,'Le météore','3',NULL,'2001-05-01 00:00:00','decalogue_3.jpg',NULL,1,0,0,'2723431908',2,26,7,NULL),(120,'Le serment','4',NULL,'2001-05-01 00:00:00','decalogue_4.jpg',NULL,1,0,0,'2723432165',2,26,7,NULL),(121,'Le vengeur','5',NULL,'2002-02-01 00:00:00','decalogue_5.jpg',NULL,1,0,0,'272343379X',2,26,7,NULL),(122,'L échange','6',NULL,'2002-02-01 00:00:00','decalogue_6.jpg',NULL,1,0,0,'2723434389',2,26,7,NULL),(123,'Les conjurés','7',NULL,'2002-10-01 00:00:00','decalogue_7.jpg',NULL,1,0,0,'2723435008',2,26,7,NULL),(124,'Nahik','8',NULL,'2002-10-01 00:00:00','decalogue_8.jpg',NULL,1,0,0,'2723435717',2,26,7,NULL),(125,'Le papyrus de Kôm-Ombo','9',NULL,'2003-01-01 00:00:00','decalogue_9.jpg',NULL,1,0,0,'2723435725',2,26,7,NULL),(126,'La dernière sourate','10',NULL,'2003-01-01 00:00:00','decalogue_10.jpg',NULL,1,0,0,'2723435733',2,26,7,NULL),(127,'Le rendez-vous de Glasgow','1',NULL,'2006-01-01 00:00:00','legataire_1.jpg',NULL,1,0,0,'2723445194',2,27,7,NULL),(128,'Le songe de Médine','2',NULL,'2007-01-01 00:00:00','legataire_2.jpg',NULL,1,0,0,'9782723454599',2,27,7,NULL),(129,'Le labyrinthe de Thot','3',NULL,'2008-04-01 00:00:00','legataire_3.jpg',NULL,1,0,0,'9782723459723',2,27,7,NULL),(130,'Le Cardinal','4',NULL,'2009-03-01 00:00:00','legataire_4.jpg',NULL,1,0,0,'9782723465496',2,27,7,NULL),(131,'Le testament du prophète','5',NULL,'2010-09-01 00:00:00','legataire_5.jpg',NULL,1,0,0,'9782723472593',2,27,7,NULL),(132,'Astérix chez Rahazade','28',NULL,'1987-10-01 00:00:00','asterix_28.jpg',NULL,1,0,0,'2864970201',1,3,8,NULL),(133,'L échange','1',NULL,'1996-05-01 00:00:00','alpha_1.jpg',NULL,1,0,0,'2803612046',1,2,9,NULL),(134,'Clan Bogdanov','2',NULL,'1997-05-01 00:00:00','alpha_2.jpg',NULL,1,0,0,'2803612488',1,2,9,NULL),(135,'Le salaire des loups','3',NULL,'1998-04-01 00:00:00','alpha_3.jpg',NULL,1,0,0,'2803613395',1,2,9,NULL),(136,'La liste','4',NULL,'1999-03-01 00:00:00','alpha_4.jpg',NULL,1,0,0,'2803613832',1,2,9,NULL),(137,'Sanctions','5',NULL,'2000-10-01 00:00:00','alpha_5.jpg',NULL,1,0,0,'2803614863',1,2,9,NULL),(138,'L émissaire','6',NULL,'2002-04-01 00:00:00','alpha_6.jpg',NULL,1,0,0,'2803616394',1,2,9,NULL),(139,'Snow White, 30 secondes !','7',NULL,'2003-10-01 00:00:00','alpha_7.jpg',NULL,1,0,0,'2803618354',1,2,9,NULL),(140,'Jeux de puissants','8',NULL,'2004-11-01 00:00:00','alpha_8.jpg',NULL,1,0,0,'2803620367',1,2,9,NULL),(141,'Scala','9',NULL,'2006-09-01 00:00:00','alpha_9.jpg',NULL,1,0,0,'2803620944',1,2,9,NULL),(142,'Mensonges','10',NULL,'2007-05-01 00:00:00','alpha_10.jpg',NULL,1,0,0,'9782803622498',1,2,9,NULL),(143,'Fucking patriot','11',NULL,'2009-09-01 00:00:00','alpha_11.jpg',NULL,1,0,0,'9782803624560',1,2,9,NULL),(144,'Petit tour avec Malcolm','12',NULL,'2013-08-01 00:00:00','alpha_12.jpg',NULL,1,0,0,'9782803627493',1,2,9,NULL),(145,'La voie fiscale','1',NULL,'1999-04-01 00:00:00','irs_1.jpg',NULL,1,0,0,'2803613964',1,9,9,NULL),(146,'La stratégie Hagen','2',NULL,'2000-04-01 00:00:00','irs_2.jpg',NULL,1,0,0,'2803614111',1,9,9,NULL),(147,'Blue ice','3',NULL,'2001-05-01 00:00:00','irs_3.jpg',NULL,1,0,0,'2803616319',1,9,9,NULL),(148,'Narcocratie','4',NULL,'2002-05-01 00:00:00','irs_4.jpg',NULL,1,0,0,'2803617501',1,9,9,NULL),(149,'Silicia Inc.','5',NULL,'2003-05-01 00:00:00','irs_5.jpg',NULL,1,0,0,'2803618729',1,9,9,NULL),(150,'Le corrupteur','6',NULL,'2004-04-01 00:00:00','irs_6.jpg',NULL,1,0,0,'2803619857',1,9,9,NULL),(151,'Corporate America','7',NULL,'2005-05-01 00:00:00','irs_7.jpg',NULL,1,0,0,'2803620715',1,9,9,NULL),(152,'La guerre noire','8',NULL,'2006-05-01 00:00:00','irs_8.jpg',NULL,1,0,0,'2803621533',1,9,9,NULL),(153,'Liaisons romaines','9',NULL,'2007-05-01 00:00:00','irs_9.jpg',NULL,1,0,0,'9782803622627',1,9,9,NULL),(154,'La loge des assassins','10',NULL,'2008-05-01 00:00:00','irs_10.jpg',NULL,1,0,0,'9782803623976',1,9,9,NULL),(155,'Le chemin de Gloria','11',NULL,'2009-06-01 00:00:00','irs_11.jpg',NULL,1,0,0,'9782803625253',1,9,9,NULL),(156,'Au Nom du Président','12',NULL,'2010-06-01 00:00:00','irs_12.jpg',NULL,1,0,0,'9782803626342',1,9,9,NULL),(157,'L or de Yamashita','13',NULL,'2011-07-01 00:00:00','irs_13.jpg',NULL,1,0,0,'9782803628193',1,9,9,NULL),(158,'Les survivants de Nankin','14',NULL,'2012-06-01 00:00:00','irs_14.jpg',NULL,1,0,0,'9782803630622',1,9,9,NULL),(159,'Antonia','1',NULL,'2009-06-01 00:00:00','irs-allwatcher_1.jpg',NULL,1,0,0,'9782803625352',1,10,9,NULL),(160,'La nébuleuse Roxana','2',NULL,'2010-02-01 00:00:00','irs-allwatcher_2.jpg',NULL,1,0,0,'9782803626649',1,10,9,NULL),(161,'Petra','3',NULL,'2010-04-01 00:00:00','irs-allwatcher_3.jpg',NULL,1,0,0,'9782803626243',1,10,9,NULL),(162,'La Spirale Mc Parnell','4',NULL,'2010-06-01 00:00:00','irs-allwatcher_4.jpg',NULL,1,0,0,'9782803626250',1,10,9,NULL),(163,'Mia Maï','5',NULL,'2010-11-01 00:00:00','irs-allwatcher_5.jpg',NULL,1,0,0,'9782803627486',1,10,9,NULL),(164,'La théorie des cordes fiscales','6',NULL,'2011-02-01 00:00:00','irs-allwatcher_6.jpg',NULL,1,0,0,'9782803627943',1,10,9,NULL),(165,'Le trou noir financier','7',NULL,'2011-06-01 00:00:00','irs-allwatcher_7.jpg',NULL,1,0,0,'9782803628223',1,10,9,NULL),(166,'Les inhumains','1',NULL,'2005-05-01 00:00:00','rafales_1.jpg',NULL,1,0,0,'2-8036-2070-7',1,18,9,NULL),(167,'L évolution','2',NULL,'2006-04-01 00:00:00','rafales_2.jpg',NULL,1,0,0,'2-8036-2159-2',1,18,9,NULL),(168,'India allen','3',NULL,'2007-04-01 00:00:00','rafales_3.jpg',NULL,1,0,0,'978-2-8036-2254-2',1,18,9,NULL),(169,'La solution Lucrèce','4',NULL,'2008-07-01 00:00:00','rafales_4.jpg',NULL,1,0,0,'978-2-8036-2407-2',1,18,9,NULL),(170,'Bâtarde','1',NULL,'2009-11-01 00:00:00','rani_1.jpg',NULL,1,0,0,'978-2-8036-2598-7',2,19,9,NULL),(171,'Brigande','2',NULL,'2011-01-01 00:00:00','rani_2.jpg',NULL,1,0,0,'978-2-8036-2752-3',2,19,9,NULL),(172,'Esclave','3',NULL,'2012-04-01 00:00:00','rani_3.jpg',NULL,1,0,0,'978-2-8036-2973-2',2,19,9,NULL),(173,'Maîtresse','4',NULL,'2013-08-01 00:00:00','rani_4.jpg',NULL,1,0,0,'978-2-8036-3197-1',2,19,9,NULL),(174,'La rose et le glaive','29',NULL,'1991-10-01 00:00:00','asterix_29.jpg',NULL,1,0,0,'2864970538',1,3,10,NULL),(175,'La galère d Obélix','30',NULL,'1996-07-01 00:00:00','asterix_30.jpg',NULL,1,0,0,'2864970961',1,3,10,NULL),(176,'Astérix et Latraviata','31',NULL,'2001-03-01 00:00:00','asterix_31.jpg',NULL,1,0,0,'2864971437',1,3,10,NULL),(177,'Astérix et la rentrée gauloise','32',NULL,'1993-01-01 00:00:00','asterix_32.jpg',NULL,1,0,0,NULL,1,3,10,NULL),(178,'Le ciel lui tombe sur la tête','33',NULL,'2005-10-01 00:00:00','asterix_33.jpg',NULL,1,0,0,'2864971704',1,3,10,NULL),(179,'Parfum d Afrique','1',NULL,'1983-06-01 00:00:00','jacquesgallard_1.jpg',NULL,1,0,0,'2867260132',1,12,11,NULL),(180,'Histoires trolles','1',NULL,'1997-06-01 00:00:00','trollsdetroy_1.jpg',NULL,1,0,0,'2-87764-591-6',2,22,13,NULL),(181,'Le scalp du vénérable','2',NULL,'1998-06-01 00:00:00','trollsdetroy_2.jpg',NULL,1,0,0,'2-87764-712-9',2,22,13,NULL),(182,'Comme un vol de pétaures','3',NULL,'1999-05-01 00:00:00','trollsdetroy_3.jpg',NULL,1,0,0,'2-87764-849-4',2,22,13,NULL),(183,'Le feu occulte','4',NULL,'2000-06-01 00:00:00','trollsdetroy_4.jpg',NULL,1,0,0,'2-84565-000-0',2,22,13,NULL),(184,'Les maléfices de la thaumaturge','5',NULL,'2001-08-01 00:00:00','trollsdetroy_5.jpg',NULL,1,0,0,'2-84565-176-7',2,22,13,NULL),(185,'Trolls dans la brume','6',NULL,'2002-09-01 00:00:00','trollsdetroy_6.jpg',NULL,1,0,0,'2-84565-373-5',2,22,13,NULL),(186,'Plume de sage','7',NULL,'2004-04-01 00:00:00','trollsdetroy_7.jpg',NULL,1,0,0,'2-84565-482-0',2,22,13,NULL),(187,'Rock N Troll Attitude','8',NULL,'2005-06-01 00:00:00','trollsdetroy_8.jpg',NULL,1,0,0,'2-84946-054-0',2,22,13,NULL),(188,'Les prisonniers du Darshan (I)','9',NULL,'2006-08-01 00:00:00','trollsdetroy_9.jpg',NULL,1,0,0,'2-84946-498-8',2,22,13,NULL),(189,'Les enragés du Darshan (II)','10',NULL,'2007-06-01 00:00:00','trollsdetroy_10.jpg',NULL,1,0,0,'978-2-84946-850-0',2,22,13,NULL),(190,'Trollympiades','11',NULL,'2008-06-01 00:00:00','trollsdetroy_11.jpg',NULL,1,0,0,'978-2-302-00201-2',2,22,13,NULL),(191,'Sang famille (I)','12',NULL,'2009-07-01 00:00:00','trollsdetroy_12.jpg',NULL,1,0,0,'978-2-302-00630-0',2,22,13,NULL),(192,'La guerre des gloutons (II)','13',NULL,'2010-06-01 00:00:00','trollsdetroy_13.jpg',NULL,1,0,0,'978-2-302-01102-1',2,22,13,NULL),(193,'L histoire de Waha','14',NULL,'2010-12-01 00:00:00','trollsdetroy_14.jpg',NULL,1,0,0,'978-2-302-01381-0',2,22,13,NULL),(194,'Boules de poils (I)','15',NULL,'2011-10-01 00:00:00','trollsdetroy_15.jpg',NULL,1,0,0,'978-2-302-01629-3',2,22,13,NULL),(195,'Poils de trolls (II)','16',NULL,'2012-06-01 00:00:00','trollsdetroy_16.jpg',NULL,1,0,0,'978-2-302-02229-4',2,22,13,NULL),(196,'La Trolle impromptue','17',NULL,'2013-11-01 00:00:00','trollsdetroy_17.jpg',NULL,1,0,0,'978-2-302-03621-5',2,22,13,NULL),(197,'Aïeïa d Aldaal','3',NULL,'2005-01-01 00:00:00','cycledecyann_3.jpg',NULL,1,0,0,'2749302188',1,6,14,NULL),(198,'Les couleurs de Marcade','4',NULL,'2007-01-01 00:00:00','cycledecyann_4.jpg',NULL,1,0,0,'9782749302393',1,6,14,NULL),(199,'Astérix et Cléopatre','6',NULL,'1965-07-01 00:00:00','asterix_6.jpg',NULL,1,0,0,NULL,1,3,NULL,NULL),(200,'Le combat des chefs','7',NULL,'1966-01-01 00:00:00','asterix_7.jpg',NULL,1,0,0,NULL,1,3,NULL,NULL),(201,'Astérix Légionnaire','10',NULL,'1967-07-01 00:00:00','asterix_10.jpg',NULL,1,0,0,NULL,1,3,NULL,NULL),(202,'Astérix aux jeux Olympiques','12',NULL,'1968-07-01 00:00:00','asterix_12.jpg',NULL,1,0,0,NULL,1,3,NULL,NULL),(203,'La zizanie','15',NULL,'1970-04-01 00:00:00','asterix_15.jpg',NULL,1,0,0,NULL,1,3,NULL,NULL),(204,'Le devin','19',NULL,'1972-10-01 00:00:00','asterix_19.jpg',NULL,1,0,0,'2205006509',1,3,NULL,NULL),(205,'Astérix en Corse','20',NULL,'1973-04-01 00:00:00','asterix_20.jpg',NULL,1,0,0,NULL,1,3,NULL,NULL),(206,'Le cadeau de César','21',NULL,'1974-07-01 00:00:00','asterix_21.jpg',NULL,1,0,0,NULL,1,3,NULL,NULL),(207,'Le grand Fossé','25',NULL,'1980-04-01 00:00:00','asterix_25.jpg',NULL,1,0,0,'2864970007',1,3,NULL,NULL);

--
-- Dumping data for table `albumpersonne`
--

INSERT INTO ALBUMPERSONNE( ID_ALBUM_PERSONNE, ID_ALBUM, ID_PERSONNE, ID_METIER) VALUES (1,1,8,1),(2,2,11,1),(3,3,11,1),(4,4,11,1),(5,5,11,1),(6,6,11,1),(7,7,11,1),(8,8,16,1),(9,9,16,1),(10,10,18,1),(11,11,18,1),(12,12,18,1),(13,13,18,1),(14,14,18,1),(15,15,19,1),(16,16,19,1),(17,17,1,1),(18,18,1,1),(19,19,1,1),(20,20,1,1),(21,21,1,1),(22,22,8,1),(23,23,8,1),(24,24,15,1),(25,25,15,1),(26,26,15,1),(27,27,15,1),(28,28,15,1),(29,29,15,1),(30,30,15,1),(31,31,15,1),(32,32,9,1),(33,33,9,1),(34,34,9,1),(35,35,9,1),(36,36,9,1),(37,37,10,1),(38,38,10,1),(39,39,10,1),(40,40,10,1),(41,41,10,1),(42,42,10,1),(43,43,10,1),(44,44,10,1),(45,45,10,1),(46,46,10,1),(47,47,10,1),(48,48,10,1),(49,49,14,1),(50,50,14,1),(51,51,17,1),(52,52,17,1),(53,53,17,1),(54,54,17,1),(55,55,17,1),(56,56,17,1),(57,57,17,1),(58,58,17,1),(59,59,10,1),(60,60,10,1),(61,61,10,1),(62,62,10,1),(63,63,10,1),(64,64,10,1),(65,65,10,1),(66,66,10,1),(67,67,10,1),(68,68,10,1),(69,69,10,1),(70,70,22,1),(71,71,22,1),(72,72,22,1),(73,73,13,1),(74,74,13,1),(75,75,13,1),(76,76,13,1),(77,77,13,1),(78,78,13,1),(79,79,13,1),(80,80,13,1),(81,81,13,1),(82,82,13,1),(83,83,13,1),(84,84,13,1),(85,85,13,1),(86,86,13,1),(87,87,13,1),(88,88,13,1),(89,89,13,1),(90,90,13,1),(91,91,13,1),(92,92,25,1),(93,93,25,1),(94,94,25,1),(95,95,26,1),(96,96,7,1),(97,97,27,1),(98,98,13,1),(99,99,13,1),(100,100,13,1),(101,101,13,1),(102,102,13,1),(103,103,13,1),(104,104,13,1),(105,105,13,1),(106,106,13,1),(107,107,7,1),(108,108,7,1),(109,109,7,1),(110,110,7,1),(111,111,16,1),(112,112,16,1),(113,113,16,1),(114,114,16,1),(115,115,16,1),(116,116,23,1),(117,117,24,1),(118,118,24,1),(119,119,24,1),(120,120,24,1),(121,121,24,1),(122,122,24,1),(123,123,24,1),(124,124,24,1),(125,125,24,1),(126,126,24,1),(127,127,24,1),(128,128,24,1),(129,129,24,1),(130,130,24,1),(131,131,24,1),(132,132,6,1),(133,133,2,1),(134,134,2,1),(135,135,3,1),(136,136,3,1),(137,137,3,1),(138,138,3,1),(139,139,3,1),(140,140,3,1),(141,141,3,1),(142,142,3,1),(143,143,4,1),(144,144,4,1),(145,145,10,1),(146,146,10,1),(147,147,10,1),(148,148,10,1),(149,149,10,1),(150,150,10,1),(151,151,10,1),(152,152,10,1),(153,153,10,1),(154,154,10,1),(155,155,10,1),(156,156,10,1),(157,157,10,1),(158,158,10,1),(159,159,10,1),(160,160,10,1),(161,161,10,1),(162,162,10,1),(163,163,10,1),(164,164,10,1),(165,165,10,1),(166,166,10,1),(167,167,10,1),(168,168,10,1),(169,169,10,1),(170,170,13,1),(171,171,13,1),(172,172,13,1),(173,173,13,1),(174,174,6,1),(175,175,6,1),(176,176,6,1),(177,177,5,1),(178,178,6,1),(179,179,12,1),(180,180,20,1),(181,181,20,1),(182,182,20,1),(183,183,20,1),(184,184,20,1),(185,185,20,1),(186,186,20,1),(187,187,20,1),(188,188,20,1),(189,189,20,1),(190,190,20,1),(191,191,20,1),(192,192,20,1),(193,193,20,1),(194,194,20,1),(195,195,20,1),(196,196,20,1),(197,197,8,1),(198,198,8,1),(199,199,5,1),(200,200,5,1),(201,201,5,1),(202,202,5,1),(203,203,5,1),(204,204,5,1),(205,205,5,1),(206,206,5,1),(207,207,6,1),(208,1,16,2),(209,2,11,2),(210,3,11,2),(211,4,11,2),(212,5,11,2),(213,6,11,2),(214,7,11,2),(215,8,16,2),(216,9,16,2),(217,17,1,2),(218,18,1,2),(219,19,1,2),(220,20,1,2),(221,21,1,2),(222,22,16,2),(223,23,16,2),(224,24,12,2),(225,25,12,2),(226,26,12,2),(227,27,12,2),(228,28,12,2),(229,29,12,2),(230,30,12,2),(231,31,12,2),(232,51,15,2),(233,52,15,2),(234,53,15,2),(235,54,15,2),(236,92,4,2),(237,93,4,2),(238,94,4,2),(239,111,16,2),(240,112,16,2),(241,113,16,2),(242,114,16,2),(243,115,16,2),(244,132,6,2),(245,133,4,2),(246,134,4,2),(247,135,4,2),(248,136,4,2),(249,137,4,2),(250,138,4,2),(251,139,4,2),(252,140,4,2),(253,141,4,2),(254,142,4,2),(255,143,4,2),(256,174,6,2),(257,175,6,2),(258,176,6,2),(259,177,6,2),(260,178,6,2),(261,179,12,2),(262,197,16,2),(263,198,16,2),(264,199,6,2),(265,200,6,2),(266,201,6,2),(267,202,6,2),(268,203,6,2),(269,204,6,2),(270,205,6,2),(271,206,6,2),(272,207,6,2);

/*!40103 SET TIME_ZONE=@OLD_TIME_ZONE */;

/*!40101 SET SQL_MODE=@OLD_SQL_MODE */;
/*!40014 SET FOREIGN_KEY_CHECKS=@OLD_FOREIGN_KEY_CHECKS */;
/*!40014 SET UNIQUE_CHECKS=@OLD_UNIQUE_CHECKS */;
/*!40101 SET CHARACTER_SET_CLIENT=@OLD_CHARACTER_SET_CLIENT */;
/*!40101 SET CHARACTER_SET_RESULTS=@OLD_CHARACTER_SET_RESULTS */;
/*!40101 SET COLLATION_CONNECTION=@OLD_COLLATION_CONNECTION */;
/*!40111 SET SQL_NOTES=@OLD_SQL_NOTES */;

-- Dump completed on 2019-03-27 15:24:16
